<?xml version="1.0" encoding="UTF-8"?><PIES xmlns="http://www.autocare.org" xmlns:xsi="http://www.w3.org/2001/XMLSchema-instance">
    <Header>
        <PIESVersion>7.0</PIESVersion>
        <SubmissionType>FULL</SubmissionType>
        <BlanketEffectiveDate>2011-08-26</BlanketEffectiveDate>
        <ParentAAIAID>BFLM</ParentAAIAID>
        <BrandOwnerAAIAID>BFLM</BrandOwnerAAIAID>
        <TechnicalContact>paul hollstein</TechnicalContact>
        <ContactEmail>phollstein@melling.com</ContactEmail>
    </Header>
    <Items>
        <Item MaintenanceType="A">
            <HazardousMaterialCode>N</HazardousMaterialCode>
            <ItemLevelGTIN GTINQualifier="UP">00000000000000</ItemLevelGTIN>
            <PartNumber>ERTY1</PartNumber>
            <BrandAAIAID>BBBB</BrandAAIAID>
            <BrandLabel>BWP</BrandLabel>
            <QuantityPerApplication Qualifier="NOR" UOM="EA">1</QuantityPerApplication>
            <ItemEffectiveDate>2016-08-25</ItemEffectiveDate>
            <AvailableDate>2016-08-25</AvailableDate>
            <MinimumOrderQuantity UOM="EA">1</MinimumOrderQuantity>
            <PartTerminologyID>14364</PartTerminologyID>
            <Descriptions>
                <Description DescriptionCode="ABR" LanguageCode="EN" MaintenanceType="A">ABR on Oil Pump</Description>
                <Description DescriptionCode="DES" LanguageCode="EN" MaintenanceType="A">DES LONG on Oil Pump</Description>
                <Description DescriptionCode="DEF" LanguageCode="EN" MaintenanceType="A">DEF Engine Oil Pump</Description>
                <Description DescriptionCode="EXT" LanguageCode="EN" MaintenanceType="A">EXT OIL PUMP</Description>
                <Description DescriptionCode="KEY" LanguageCode="EN" MaintenanceType="A">KEY Words on Oil Pump</Description>
                <Description DescriptionCode="MKT" LanguageCode="EN" MaintenanceType="A">Marketing Descripton</Description>
                <Description DescriptionCode="SHO" LanguageCode="EN" MaintenanceType="A">Short Oil Pump</Description>
                <Description DescriptionCode="INV" LanguageCode="EN" MaintenanceType="A">Inventory Big Oil Pump</Description>
                <Description DescriptionCode="SHP" LanguageCode="EN" MaintenanceType="A">Shipping on Sleek Oil Pump</Description>
                <Description DescriptionCode="SLA" LanguageCode="EN" MaintenanceType="A">Blue Oil Pump</Description>
                <Description DescriptionCode="VMR" LanguageCode="EN" MaintenanceType="A">Very Very Blue Oil Pump</Description>
                <Description DescriptionCode="CAP" LanguageCode="EN" MaintenanceType="A">Vinegar Oil Pump</Description>
                <Description DescriptionCode="TRA" LanguageCode="EN" MaintenanceType="A">Happy Oil Pump</Description>
                <Description DescriptionCode="TLE" LanguageCode="EN" MaintenanceType="A">Sper Oil Pump</Description>
                <Description DescriptionCode="UNS" LanguageCode="EN" MaintenanceType="A">UNSPSC Sper Oil Pump</Description>
                <Description DescriptionCode="FAB" LanguageCode="EN" MaintenanceType="A" Sequence="1">Feature 1 - Good Stock Replacement Oil Pump</Description>
                <Description DescriptionCode="FAB" LanguageCode="EN" MaintenanceType="A" Sequence="2">Feature 2 - Better Stock Replacement Oil Pump</Description>
                <Description DescriptionCode="FAB" LanguageCode="EN" MaintenanceType="A" Sequence="3">Feature 3 - Best Stock Replacement Oil Pump</Description>
                <Description DescriptionCode="FAB" LanguageCode="EN" MaintenanceType="A" Sequence="4">Feature 4 - Best Stock Replacement Oil Pump</Description>
                <Description DescriptionCode="FAB" LanguageCode="EN" MaintenanceType="A" Sequence="5">Feature 5 - Best Stock Replacement Oil Pump</Description>
                <Description DescriptionCode="FAB" LanguageCode="EN" MaintenanceType="A" Sequence="6">Feature 6 - Best Stock Replacement Oil Pump</Description>
                <Description DescriptionCode="FAB" LanguageCode="EN" MaintenanceType="A" Sequence="7">Feature 7 - Best Stock Replacement Oil Pump</Description>
                <Description DescriptionCode="FAB" LanguageCode="EN" MaintenanceType="A" Sequence="8">Feature 8 - Best Stock Replacement Oil Pump</Description>
                <Description DescriptionCode="FAB" LanguageCode="EN" MaintenanceType="A" Sequence="9">Feature 9 - Best Stock Replacement Oil Pump</Description>
                <Description DescriptionCode="FAB" LanguageCode="EN" MaintenanceType="A" Sequence="10">Feature 10 - Best Stock Replacement Oil Pump</Description>
                <Description DescriptionCode="FAB" LanguageCode="EN" MaintenanceType="A" Sequence="11">Feature 11 - Best Stock Replacement Oil Pump</Description>
                <Description DescriptionCode="FAB" LanguageCode="EN" MaintenanceType="A" Sequence="12">Feature 12 - Best Stock Replacement Oil Pump</Description>
                <Description DescriptionCode="FAB" LanguageCode="EN" MaintenanceType="A" Sequence="13">Feature 13 - Best Stock Replacement Oil Pump</Description>
                <Description DescriptionCode="FAB" LanguageCode="EN" MaintenanceType="A" Sequence="14">Feature 14 - Best Stock Replacement Oil Pump</Description>
                <Description DescriptionCode="FAB" LanguageCode="EN" MaintenanceType="A" Sequence="15">Feature 15 - Best Stock Replacement Oil Pump</Description>
                <Description DescriptionCode="FAB" LanguageCode="EN" MaintenanceType="A" Sequence="16">Feature 16 - Best Stock Replacement Oil Pump</Description>
                <Description DescriptionCode="FAB" LanguageCode="EN" MaintenanceType="A" Sequence="17">Feature 17 - Best Stock Replacement Oil Pump</Description>
                <Description DescriptionCode="FAB" LanguageCode="EN" MaintenanceType="A" Sequence="18">Feature 18 - Best Stock Replacement Oil Pump</Description>
                <Description DescriptionCode="FAB" LanguageCode="EN" MaintenanceType="A" Sequence="19">Feature 19 - Best Stock Replacement Oil Pump</Description>
                <Description DescriptionCode="FAB" LanguageCode="EN" MaintenanceType="A" Sequence="20">Feature 20 - Best Stock Replacement Oil Pump</Description>
                <Description DescriptionCode="FAB" LanguageCode="EN" MaintenanceType="A" Sequence="21">Feature 21 - Best Stock Replacement Oil Pump</Description>
                <Description DescriptionCode="FAB" LanguageCode="EN" MaintenanceType="A" Sequence="22">Feature 22 - Best Stock Replacement Oil Pump</Description>
                <Description DescriptionCode="FAB" LanguageCode="EN" MaintenanceType="A" Sequence="23">Feature 23 - Best Stock Replacement Oil Pump</Description>
                <Description DescriptionCode="FAB" LanguageCode="EN" MaintenanceType="A" Sequence="24">Feature 24 - Best Stock Replacement Oil Pump</Description>
                <Description DescriptionCode="FAB" LanguageCode="EN" MaintenanceType="A" Sequence="25">Feature 25 - Best Stock Replacement Oil Pump</Description>
            </Descriptions>
            <Prices>
                <Pricing MaintenanceType="A" PriceType="RET">
                    <PriceSheetNumber>ERTY1_A</PriceSheetNumber>
                    <CurrencyCode>USD</CurrencyCode>
                    <EffectiveDate>2019-02-01</EffectiveDate>
                    <Price UOM="PE">12</Price>
                </Pricing>
                <Pricing MaintenanceType="A" PriceType="ZZ1">
                    <PriceSheetNumber>ERTY1_B</PriceSheetNumber>
                    <CurrencyCode>USD</CurrencyCode>
                    <EffectiveDate>2019-02-01</EffectiveDate>
                    <Price UOM="PE">3</Price>
                </Pricing>
            </Prices>
            <ExtendedInformation>
                <ExtendedProductInformation EXPICode="CTO" LanguageCode="EN" MaintenanceType="A">CN</ExtendedProductInformation>
                <ExtendedProductInformation EXPICode="EMS" LanguageCode="EN" MaintenanceType="A">1</ExtendedProductInformation>
                <ExtendedProductInformation EXPICode="HTS" LanguageCode="EN" MaintenanceType="A">4012124025</ExtendedProductInformation>
                <ExtendedProductInformation EXPICode="LIS" LanguageCode="EN" MaintenanceType="A">Available to Order</ExtendedProductInformation>
                <ExtendedProductInformation EXPICode="NPC" LanguageCode="EN" MaintenanceType="A">W</ExtendedProductInformation>
                <ExtendedProductInformation EXPICode="NPD" LanguageCode="EN" MaintenanceType="A">Non-Stock Item</ExtendedProductInformation>
                <ExtendedProductInformation EXPICode="PLC" LanguageCode="EN" MaintenanceType="A">1</ExtendedProductInformation>
                <ExtendedProductInformation EXPICode="PLM" LanguageCode="EN" MaintenanceType="A">1</ExtendedProductInformation>
                <ExtendedProductInformation EXPICode="REM" LanguageCode="EN" MaintenanceType="A">N</ExtendedProductInformation>
            </ExtendedInformation>
            <ProductAttributes>
                <ProductAttribute AttributeID="AAP_UDA_4" LanguageCode="EN" MaintenanceType="A" PADBAttribute="N">85</ProductAttribute>
                <ProductAttribute AttributeID="AAP_UDA_12" LanguageCode="EN" MaintenanceType="A" PADBAttribute="N">EA</ProductAttribute>
                <ProductAttribute AttributeID="AAP_UDA_22" LanguageCode="EN" MaintenanceType="A" PADBAttribute="N">20</ProductAttribute>
                <ProductAttribute AttributeID="AAP_UDA_31" LanguageCode="EN" MaintenanceType="A" PADBAttribute="N">151</ProductAttribute>
                <ProductAttribute AttributeID="AAP_UDA_32" LanguageCode="EN" MaintenanceType="A" PADBAttribute="N">MEL</ProductAttribute>
                <ProductAttribute AttributeID="AAP_UDA_120" LanguageCode="EN" MaintenanceType="A" PADBAttribute="N">Y</ProductAttribute>
                <ProductAttribute AttributeID="AAP_UDA_121" LanguageCode="EN" MaintenanceType="A" PADBAttribute="N">N</ProductAttribute>
                <ProductAttribute AttributeID="AAP_UDA_122" LanguageCode="EN" MaintenanceType="A" PADBAttribute="N">N</ProductAttribute>
                <ProductAttribute AttributeID="AAP_UDA_123" LanguageCode="EN" MaintenanceType="A" PADBAttribute="N">N</ProductAttribute>
                <ProductAttribute AttributeID="AAP_UDA_124" LanguageCode="EN" MaintenanceType="A" PADBAttribute="N">N</ProductAttribute>
                <ProductAttribute AttributeID="AAP_UDA_125" LanguageCode="EN" MaintenanceType="A" PADBAttribute="N">N</ProductAttribute>
                <ProductAttribute AttributeID="AAP_UDA_126" LanguageCode="EN" MaintenanceType="A" PADBAttribute="N">N</ProductAttribute>
                <ProductAttribute AttributeID="AAP_UDA_127" LanguageCode="EN" MaintenanceType="A" PADBAttribute="N">N</ProductAttribute>
                <ProductAttribute AttributeID="AAP_UDA_128" LanguageCode="EN" MaintenanceType="A" PADBAttribute="N">N</ProductAttribute>
                <ProductAttribute AttributeID="AAP_UDA_129" LanguageCode="EN" MaintenanceType="A" PADBAttribute="N">N</ProductAttribute>
                <ProductAttribute AttributeID="AAP_UDA_130" LanguageCode="EN" MaintenanceType="A" PADBAttribute="N">N</ProductAttribute>
                <ProductAttribute AttributeID="AAP_UDA_131" LanguageCode="EN" MaintenanceType="A" PADBAttribute="N">Y</ProductAttribute>
                <ProductAttribute AttributeID="AAP_UDA_132" LanguageCode="EN" MaintenanceType="A" PADBAttribute="N">N</ProductAttribute>
                <ProductAttribute AttributeID="AAP_UDA_133" LanguageCode="EN" MaintenanceType="A" PADBAttribute="N">N</ProductAttribute>
                <ProductAttribute AttributeID="AAP_UDA_119" LanguageCode="EN" MaintenanceType="A" PADBAttribute="N">Y</ProductAttribute>
                <ProductAttribute AttributeID="AC_PIES_EXPILIF" LanguageCode="EN" MaintenanceType="A" PADBAttribute="N">2</ProductAttribute>
            </ProductAttributes>
            <Packages>
                <Package MaintenanceType="A">
                    <PackageLevelGTIN>00000000000000</PackageLevelGTIN>
                    <PackageBarCodeCharacters>00000000000000</PackageBarCodeCharacters>
                    <PackageUOM>EA</PackageUOM>
                    <QuantityofEaches>1</QuantityofEaches>
                    <Dimensions UOM="IN">
                        <Height>1</Height>
                        <Width>1</Width>
                        <Length>1</Length>
                    </Dimensions>
                    <Weights UOM="PG">
                        <Weight>1</Weight>
                    </Weights>
                </Package>
            </Packages>
            <DigitalAssets>
                <DigitalFileInformation AssetID="ERTY1" LanguageCode="FR" MaintenanceType="A">
                    <FileName>ERTY1.tif</FileName>
                    <AssetType>P04</AssetType>
                    <FileType>TIF</FileType>
                    <Representation>A</Representation>
                    <FileSize>1234</FileSize>
                    <Resolution>72</Resolution>
                    <ColorMode>RGB</ColorMode>
                    <Background>WHI</Background>
                    <OrientationView>xxx</OrientationView>
                    <AssetDimensions UOM="PX">
                        <AssetHeight>250</AssetHeight>
                        <AssetWidth>250</AssetWidth>
                    </AssetDimensions>
                    <FilePath>http://www.autocare.org</FilePath>
                    <URI>http://www.autocare.org</URI>
                    <AssetDates>
                        <AssetDate assetDateType="MOD">2016-07-15</AssetDate>
                    </AssetDates>
                    <Country>US</Country>
                </DigitalFileInformation>
            </DigitalAssets>
        </Item>
    </Items>
    <Trailer>
        <ItemCount>1</ItemCount>
        <TransactionDate>2019-12-27</TransactionDate>
    </Trailer>
</PIES>
